timeStamp,elapsed,label,responseCode,responseMessage,threadName,dataType,success,failureMessage,bytes,sentBytes,grpThreads,allThreads,URL,Latency,IdleTime,Connect
1637044265102,2068,HTTP Request,200,OK,Thread Group 1-32,text,true,,11229,118,50,50,http://192.168.100.3/,2062,0,1121
1637044265070,2098,HTTP Request,200,OK,Thread Group 1-17,text,true,,11229,118,50,50,http://192.168.100.3/,2098,0,1153
1637044265338,1835,HTTP Request,200,OK,Thread Group 1-44,text,true,,11229,118,49,49,http://192.168.100.3/,1824,0,1092
1637044265055,2123,HTTP Request,200,OK,Thread Group 1-12,text,true,,11229,118,48,48,http://192.168.100.3/,2123,0,1163
1637044265068,2111,HTTP Request,200,OK,Thread Group 1-9,text,true,,11229,118,47,47,http://192.168.100.3/,2077,0,1160
1637044265044,2138,HTTP Request,200,OK,Thread Group 1-29,text,true,,11229,118,46,46,http://192.168.100.3/,2137,0,1369
1637044265070,2113,HTTP Request,200,OK,Thread Group 1-2,text,true,,11229,118,44,44,http://192.168.100.3/,2113,0,1343
1637044265298,1889,HTTP Request,200,OK,Thread Group 1-42,text,true,,11229,118,43,43,http://192.168.100.3/,1889,0,1011
1637044265065,2124,HTTP Request,200,OK,Thread Group 1-19,text,true,,11229,118,42,42,http://192.168.100.3/,2124,0,1158
1637044265499,1691,HTTP Request,200,OK,Thread Group 1-50,text,true,,11229,118,41,41,http://192.168.100.3/,1691,0,706
1637044265047,2147,HTTP Request,200,OK,Thread Group 1-18,text,true,,11229,118,40,40,http://192.168.100.3/,2146,0,1177
1637044265058,2137,HTTP Request,200,OK,Thread Group 1-3,text,true,,11229,118,39,39,http://192.168.100.3/,2136,0,1173
1637044265065,2131,HTTP Request,200,OK,Thread Group 1-16,text,true,,11229,118,39,39,http://192.168.100.3/,2131,0,1161
1637044265053,2152,HTTP Request,200,OK,Thread Group 1-7,text,true,,11229,118,37,37,http://192.168.100.3/,2152,0,1172
1637044265054,2154,HTTP Request,200,OK,Thread Group 1-10,text,true,,11229,118,36,36,http://192.168.100.3/,2153,0,1180
1637044265068,2144,HTTP Request,200,OK,Thread Group 1-15,text,true,,11229,118,35,35,http://192.168.100.3/,2143,0,1163
1637044265056,2161,HTTP Request,200,OK,Thread Group 1-24,text,true,,11229,118,34,34,http://192.168.100.3/,2160,0,1170
1637044265045,2173,HTTP Request,200,OK,Thread Group 1-26,text,true,,11229,118,34,34,http://192.168.100.3/,2172,0,1181
1637044265048,2172,HTTP Request,200,OK,Thread Group 1-20,text,true,,11229,118,32,32,http://192.168.100.3/,2172,0,1180
1637044265067,2155,HTTP Request,200,OK,Thread Group 1-4,text,true,,11229,118,31,31,http://192.168.100.3/,2155,0,1158
1637044265165,2058,HTTP Request,200,OK,Thread Group 1-35,text,true,,11229,118,30,30,http://192.168.100.3/,2058,0,1063
1637044265362,1807,HTTP Request,200,OK,Thread Group 1-45,text,true,,11229,118,50,50,http://192.168.100.3/,1807,0,1062
1637044265396,1772,HTTP Request,200,OK,Thread Group 1-47,text,true,,11229,118,50,50,http://192.168.100.3/,1770,0,1028
1637044265184,1983,HTTP Request,200,OK,Thread Group 1-36,text,true,,11229,118,50,50,http://192.168.100.3/,1956,0,1050
1637044265315,1852,HTTP Request,200,OK,Thread Group 1-43,text,true,,11229,118,50,50,http://192.168.100.3/,1852,0,1099
1637044265280,1947,HTTP Request,200,OK,Thread Group 1-41,text,true,,11229,118,26,26,http://192.168.100.3/,1863,0,1006
1637044265091,2136,HTTP Request,200,OK,Thread Group 1-31,text,true,,11229,118,26,26,http://192.168.100.3/,2051,0,1137
1637044265204,2025,HTTP Request,200,OK,Thread Group 1-37,text,true,,11229,118,24,24,http://192.168.100.3/,1938,0,1021
1637044265072,2161,HTTP Request,200,OK,Thread Group 1-11,text,true,,11229,118,22,22,http://192.168.100.3/,2070,0,1162
1637044265423,1811,HTTP Request,200,OK,Thread Group 1-48,text,true,,11229,118,22,22,http://192.168.100.3/,1810,0,1002
1637044265068,2167,HTTP Request,200,OK,Thread Group 1-25,text,true,,11229,118,20,20,http://192.168.100.3/,2167,0,1346
1637044265065,2172,HTTP Request,200,OK,Thread Group 1-14,text,true,,11229,118,20,20,http://192.168.100.3/,2171,0,1164
1637044265070,2168,HTTP Request,200,OK,Thread Group 1-30,text,true,,11229,118,18,18,http://192.168.100.3/,2168,0,1164
1637044265214,2026,HTTP Request,200,OK,Thread Group 1-38,text,true,,11229,118,18,18,http://192.168.100.3/,2026,0,1005
1637044265234,2009,HTTP Request,200,OK,Thread Group 1-39,text,true,,11229,118,16,16,http://192.168.100.3/,2009,0,1180
1637044265046,2197,HTTP Request,200,OK,Thread Group 1-21,text,true,,11229,118,16,16,http://192.168.100.3/,2197,0,1179
1637044265072,2173,HTTP Request,200,OK,Thread Group 1-28,text,true,,11229,118,14,14,http://192.168.100.3/,2173,0,1154
1637044265044,2203,HTTP Request,200,OK,Thread Group 1-6,text,true,,11229,118,13,13,http://192.168.100.3/,2203,0,1181
1637044265147,2101,HTTP Request,200,OK,Thread Group 1-34,text,true,,11229,118,13,13,http://192.168.100.3/,2100,0,1266
1637044265072,2177,HTTP Request,200,OK,Thread Group 1-23,text,true,,11229,118,13,13,http://192.168.100.3/,2177,0,1157
1637044265128,2125,HTTP Request,200,OK,Thread Group 1-33,text,true,,11229,118,10,10,http://192.168.100.3/,2125,0,1098
1637044265068,2185,HTTP Request,200,OK,Thread Group 1-22,text,true,,11229,118,10,10,http://192.168.100.3/,2185,0,1158
1637044265042,2212,HTTP Request,200,OK,Thread Group 1-27,text,true,,11229,118,10,10,http://192.168.100.3/,2212,0,1183
1637044265062,2194,HTTP Request,200,OK,Thread Group 1-8,text,true,,11229,118,9,9,http://192.168.100.3/,2194,0,1162
1637044265379,1879,HTTP Request,200,OK,Thread Group 1-46,text,true,,11229,118,6,6,http://192.168.100.3/,1879,0,1180
1637044265045,2213,HTTP Request,200,OK,Thread Group 1-5,text,true,,11229,118,6,6,http://192.168.100.3/,2213,0,1182
1637044265262,1999,HTTP Request,200,OK,Thread Group 1-40,text,true,,11229,118,4,4,http://192.168.100.3/,1999,0,1152
1637044265061,2201,HTTP Request,200,OK,Thread Group 1-13,text,true,,11229,118,4,4,http://192.168.100.3/,2201,0,1164
1637044265425,1839,HTTP Request,200,OK,Thread Group 1-49,text,true,,11229,118,2,2,http://192.168.100.3/,1838,0,1235
1637044265062,2204,HTTP Request,200,OK,Thread Group 1-1,text,true,,11229,118,1,1,http://192.168.100.3/,2204,0,1161
